{
  "aggregates": [
    {
      "completed_requests_per_minute": 18.14,
      "estimated_openai_cost_usd_mean": 0.004347,
      "estimated_openai_cost_usd_total": 5.720145,
      "metrics": {
        "end_to_end_latency_ms": {
          "count": 1317,
          "max": 21652.15,
          "mean": 3293.96,
          "min": 1374.3,
          "p25": 2341.24,
          "p50": 2858.67,
          "p75": 3610.8,
          "p90": 4907.71,
          "p95": 5965.45,
          "p99": 10798.13,
          "stddev": 1789.46
        },
        "estimated_openai_cost_usd": {
          "count": 1316,
          "max": 0.02,
          "mean": 0.0,
          "min": 0.0,
          "p25": 0.0,
          "p50": 0.0,
          "p75": 0.0,
          "p90": 0.01,
          "p95": 0.01,
          "p99": 0.01,
          "stddev": 0.0
        },
        "number_input_tokens": {
          "count": 1316,
          "max": 245,
          "mean": 119.46,
          "min": 83,
          "p25": 103,
          "p50": 116,
          "p75": 131,
          "p90": 149,
          "p95": 162,
          "p99": 184,
          "stddev": 21.56
        },
        "number_output_tokens": {
          "count": 1316,
          "max": 767,
          "mean": 124.98,
          "min": 41,
          "p25": 87,
          "p50": 112,
          "p75": 143,
          "p90": 184,
          "p95": 229,
          "p99": 448,
          "stddev": 67.89
        },
        "number_reasoning_tokens": {
          "count": 1316,
          "max": 682,
          "mean": 60.03,
          "min": 9,
          "p25": 33,
          "p50": 48,
          "p75": 68,
          "p90": 100,
          "p95": 137,
          "p99": 372,
          "stddev": 60.36
        },
        "request_output_throughput_token_per_s": {
          "count": 1316,
          "max": 66.17,
          "mean": 39.07,
          "min": 3.98,
          "p25": 33.67,
          "p50": 39.69,
          "p75": 45.88,
          "p90": 50.9,
          "p95": 53.1,
          "p99": 58.55,
          "stddev": 9.57
        },
        "time_to_first_byte_ms": {
          "count": 1317,
          "max": 17365.19,
          "mean": 614.72,
          "min": 321.8,
          "p25": 409.47,
          "p50": 484.2,
          "p75": 608.08,
          "p90": 822.2,
          "p95": 1149.27,
          "p99": 3077.16,
          "stddev": 718.39
        },
        "time_to_first_token_ms": {
          "count": 1316,
          "max": 18820.98,
          "mean": 2300.31,
          "min": 924.94,
          "p25": 1596.01,
          "p50": 1955.73,
          "p75": 2506.84,
          "p90": 3508.57,
          "p95": 4440.46,
          "p99": 8869.35,
          "stddev": 1412.07
        }
      },
      "model": "gpt-5.5",
      "number_completed_requests": 1317,
      "number_errored_requests": 2,
      "overall_output_throughput_token_per_s": 37.91,
      "provider": "openai"
    }
  ],
  "dataset": "gsm8k/test",
  "summary": [
    {
      "estimated_openai_cost_usd_total": 5.720145,
      "failed_runs": 2,
      "input_tokens_avg": 119.46,
      "input_tokens_p50": 116,
      "input_tokens_p90": 149,
      "input_tokens_p95": 162,
      "model": "gpt-5.5",
      "output_tokens_avg": 124.98,
      "output_tokens_p50": 112,
      "output_tokens_p90": 184,
      "output_tokens_p95": 229,
      "output_tokens_per_second_avg": 39.07,
      "output_tokens_per_second_p50": 39.69,
      "output_tokens_per_second_p90": 50.9,
      "output_tokens_per_second_p95": 53.1,
      "provider": "openai",
      "reasoning_tokens_avg": 60.03,
      "reasoning_tokens_p50": 48,
      "reasoning_tokens_p90": 100,
      "reasoning_tokens_p95": 137,
      "successful_runs": 1317,
      "total_ms_avg": 3293.96,
      "total_ms_p50": 2858.67,
      "total_ms_p90": 4907.71,
      "total_ms_p95": 5965.45,
      "ttfb_ms_avg": 614.72,
      "ttfb_ms_p50": 484.2,
      "ttfb_ms_p90": 822.2,
      "ttfb_ms_p95": 1149.27,
      "ttft_ms_avg": 2300.31,
      "ttft_ms_p50": 1955.73,
      "ttft_ms_p90": 3508.57,
      "ttft_ms_p95": 4440.46
    }
  ]
}
