{
  "aggregates": [
    {
      "completed_requests_per_minute": null,
      "estimated_openai_cost_usd_mean": 0.00305,
      "estimated_openai_cost_usd_total": 0.00305,
      "metrics": {
        "end_to_end_latency_ms": {
          "count": 1,
          "max": 3698.5,
          "mean": 3698.5,
          "min": 3698.5,
          "p25": 3698.5,
          "p50": 3698.5,
          "p75": 3698.5,
          "p90": 3698.5,
          "p95": 3698.5,
          "p99": 3698.5,
          "stddev": null
        },
        "estimated_openai_cost_usd": {
          "count": 1,
          "max": 0.0,
          "mean": 0.0,
          "min": 0.0,
          "p25": 0.0,
          "p50": 0.0,
          "p75": 0.0,
          "p90": 0.0,
          "p95": 0.0,
          "p99": 0.0,
          "stddev": null
        },
        "number_input_tokens": {
          "count": 1,
          "max": 124,
          "mean": 124.0,
          "min": 124,
          "p25": 124,
          "p50": 124,
          "p75": 124,
          "p90": 124,
          "p95": 124,
          "p99": 124,
          "stddev": null
        },
        "number_output_tokens": {
          "count": 1,
          "max": 81,
          "mean": 81.0,
          "min": 81,
          "p25": 81,
          "p50": 81,
          "p75": 81,
          "p90": 81,
          "p95": 81,
          "p99": 81,
          "stddev": null
        },
        "number_reasoning_tokens": {
          "count": 1,
          "max": 13,
          "mean": 13.0,
          "min": 13,
          "p25": 13,
          "p50": 13,
          "p75": 13,
          "p90": 13,
          "p95": 13,
          "p99": 13,
          "stddev": null
        },
        "request_output_throughput_token_per_s": {
          "count": 1,
          "max": 21.9,
          "mean": 21.9,
          "min": 21.9,
          "p25": 21.9,
          "p50": 21.9,
          "p75": 21.9,
          "p90": 21.9,
          "p95": 21.9,
          "p99": 21.9,
          "stddev": null
        },
        "time_to_first_byte_ms": {
          "count": 1,
          "max": 1677.77,
          "mean": 1677.77,
          "min": 1677.77,
          "p25": 1677.77,
          "p50": 1677.77,
          "p75": 1677.77,
          "p90": 1677.77,
          "p95": 1677.77,
          "p99": 1677.77,
          "stddev": null
        },
        "time_to_first_token_ms": {
          "count": 1,
          "max": 2487.16,
          "mean": 2487.16,
          "min": 2487.16,
          "p25": 2487.16,
          "p50": 2487.16,
          "p75": 2487.16,
          "p90": 2487.16,
          "p95": 2487.16,
          "p99": 2487.16,
          "stddev": null
        }
      },
      "model": "gpt-5.5",
      "number_completed_requests": 1,
      "number_errored_requests": 0,
      "overall_output_throughput_token_per_s": 21.9,
      "provider": "openai"
    }
  ],
  "dataset": "gsm8k/test",
  "summary": [
    {
      "estimated_openai_cost_usd_total": 0.00305,
      "failed_runs": 0,
      "input_tokens_avg": 124.0,
      "input_tokens_p50": 124,
      "input_tokens_p90": 124,
      "input_tokens_p95": 124,
      "model": "gpt-5.5",
      "output_tokens_avg": 81.0,
      "output_tokens_p50": 81,
      "output_tokens_p90": 81,
      "output_tokens_p95": 81,
      "output_tokens_per_second_avg": 21.9,
      "output_tokens_per_second_p50": 21.9,
      "output_tokens_per_second_p90": 21.9,
      "output_tokens_per_second_p95": 21.9,
      "provider": "openai",
      "reasoning_tokens_avg": 13.0,
      "reasoning_tokens_p50": 13,
      "reasoning_tokens_p90": 13,
      "reasoning_tokens_p95": 13,
      "successful_runs": 1,
      "total_ms_avg": 3698.5,
      "total_ms_p50": 3698.5,
      "total_ms_p90": 3698.5,
      "total_ms_p95": 3698.5,
      "ttfb_ms_avg": 1677.77,
      "ttfb_ms_p50": 1677.77,
      "ttfb_ms_p90": 1677.77,
      "ttfb_ms_p95": 1677.77,
      "ttft_ms_avg": 2487.16,
      "ttft_ms_p50": 2487.16,
      "ttft_ms_p90": 2487.16,
      "ttft_ms_p95": 2487.16
    }
  ]
}
