{
  "aggregates": [
    {
      "completed_requests_per_minute": 20.22,
      "estimated_openai_cost_usd_mean": 0.004447,
      "estimated_openai_cost_usd_total": 5.86525,
      "metrics": {
        "end_to_end_latency_ms": {
          "count": 1319,
          "max": 20022.14,
          "mean": 2968.44,
          "min": 975.44,
          "p25": 1722.72,
          "p50": 2880.85,
          "p75": 3753.97,
          "p90": 4368.89,
          "p95": 4976.11,
          "p99": 9919.03,
          "stddev": 1641.38
        },
        "estimated_openai_cost_usd": {
          "count": 1319,
          "max": 0.03,
          "mean": 0.0,
          "min": 0.0,
          "p25": 0.0,
          "p50": 0.0,
          "p75": 0.0,
          "p90": 0.01,
          "p95": 0.01,
          "p99": 0.02,
          "stddev": 0.0
        },
        "number_input_tokens": {
          "count": 1319,
          "max": 245,
          "mean": 119.46,
          "min": 83,
          "p25": 103,
          "p50": 116,
          "p75": 131,
          "p90": 149,
          "p95": 162,
          "p99": 184,
          "stddev": 21.55
        },
        "number_output_tokens": {
          "count": 1319,
          "max": 832,
          "mean": 128.31,
          "min": 38,
          "p25": 87,
          "p50": 114,
          "p75": 144,
          "p90": 187,
          "p95": 234,
          "p99": 543,
          "stddev": 74.75
        },
        "number_reasoning_tokens": {
          "count": 1319,
          "max": 737,
          "mean": 62.55,
          "min": 9,
          "p25": 34,
          "p50": 50,
          "p75": 69,
          "p90": 101,
          "p95": 142,
          "p99": 467,
          "stddev": 67.04
        },
        "request_output_throughput_token_per_s": {
          "count": 1319,
          "max": 101.6,
          "mean": 47.36,
          "min": 14.64,
          "p25": 32.87,
          "p50": 44.75,
          "p75": 61.53,
          "p90": 71.92,
          "p95": 77.83,
          "p99": 87.66,
          "stddev": 17.58
        },
        "time_to_first_byte_ms": {
          "count": 1319,
          "max": 1255.02,
          "mean": 241.02,
          "min": 179.42,
          "p25": 204.27,
          "p50": 219.96,
          "p75": 257.83,
          "p90": 306.78,
          "p95": 355.57,
          "p99": 429.49,
          "stddev": 66.23
        },
        "time_to_first_token_ms": {
          "count": 1319,
          "max": 19201.3,
          "mean": 2377.03,
          "min": 740.41,
          "p25": 1293.44,
          "p50": 1939.48,
          "p75": 3192.05,
          "p90": 3782.45,
          "p95": 4363.7,
          "p99": 8690.35,
          "stddev": 1524.67
        }
      },
      "model": "openai.gpt-5.5",
      "number_completed_requests": 1319,
      "number_errored_requests": 0,
      "overall_output_throughput_token_per_s": 43.23,
      "provider": "bedrock"
    }
  ],
  "dataset": "gsm8k/test",
  "summary": [
    {
      "estimated_openai_cost_usd_total": 5.86525,
      "failed_runs": 0,
      "input_tokens_avg": 119.46,
      "input_tokens_p50": 116,
      "input_tokens_p90": 149,
      "input_tokens_p95": 162,
      "model": "openai.gpt-5.5",
      "output_tokens_avg": 128.31,
      "output_tokens_p50": 114,
      "output_tokens_p90": 187,
      "output_tokens_p95": 234,
      "output_tokens_per_second_avg": 47.36,
      "output_tokens_per_second_p50": 44.75,
      "output_tokens_per_second_p90": 71.92,
      "output_tokens_per_second_p95": 77.83,
      "provider": "bedrock",
      "reasoning_tokens_avg": 62.55,
      "reasoning_tokens_p50": 50,
      "reasoning_tokens_p90": 101,
      "reasoning_tokens_p95": 142,
      "successful_runs": 1319,
      "total_ms_avg": 2968.44,
      "total_ms_p50": 2880.85,
      "total_ms_p90": 4368.89,
      "total_ms_p95": 4976.11,
      "ttfb_ms_avg": 241.02,
      "ttfb_ms_p50": 219.96,
      "ttfb_ms_p90": 306.78,
      "ttfb_ms_p95": 355.57,
      "ttft_ms_avg": 2377.03,
      "ttft_ms_p50": 1939.48,
      "ttft_ms_p90": 3782.45,
      "ttft_ms_p95": 4363.7
    }
  ]
}
