{
  "aggregates": [
    {
      "completed_requests_per_minute": 9.9,
      "estimated_openai_cost_usd_mean": 0.007279,
      "estimated_openai_cost_usd_total": 8.26133,
      "metrics": {
        "end_to_end_latency_ms": {
          "count": 1135,
          "max": 190562.75,
          "mean": 6024.01,
          "min": 1907.5,
          "p25": 3475.5,
          "p50": 4330.26,
          "p75": 5871.93,
          "p90": 8512.19,
          "p95": 12035.88,
          "p99": 35594.48,
          "stddev": 9535.31
        },
        "estimated_openai_cost_usd": {
          "count": 1135,
          "max": 0.12,
          "mean": 0.01,
          "min": 0.0,
          "p25": 0.0,
          "p50": 0.01,
          "p75": 0.01,
          "p90": 0.01,
          "p95": 0.02,
          "p99": 0.03,
          "stddev": 0.01
        },
        "number_input_tokens": {
          "count": 1135,
          "max": 356,
          "mean": 119.39,
          "min": 83,
          "p25": 103,
          "p50": 116,
          "p75": 131,
          "p90": 149,
          "p95": 161,
          "p99": 181,
          "stddev": 22.1
        },
        "number_output_tokens": {
          "count": 1135,
          "max": 4096,
          "mean": 222.73,
          "min": 68,
          "p25": 132,
          "p50": 167,
          "p75": 223,
          "p90": 326,
          "p95": 511,
          "p99": 1112,
          "stddev": 268.58
        },
        "number_reasoning_tokens": {
          "count": 1135,
          "max": 4096,
          "mean": 158.84,
          "min": 29,
          "p25": 77,
          "p50": 103,
          "p75": 148,
          "p90": 254,
          "p95": 419,
          "p99": 1034,
          "stddev": 266.37
        },
        "request_output_throughput_token_per_s": {
          "count": 1135,
          "max": 66.71,
          "mean": 39.67,
          "min": 0.73,
          "p25": 34.2,
          "p50": 40.14,
          "p75": 46.14,
          "p90": 51.4,
          "p95": 54.27,
          "p99": 59.92,
          "stddev": 9.47
        },
        "time_to_first_byte_ms": {
          "count": 1135,
          "max": 149901.29,
          "mean": 899.41,
          "min": 329.73,
          "p25": 414.52,
          "p50": 496.89,
          "p75": 654.55,
          "p90": 897.31,
          "p95": 1408.65,
          "p99": 3958.01,
          "stddev": 5281.18
        },
        "time_to_first_token_ms": {
          "count": 1134,
          "max": 190512.03,
          "mean": 4825.15,
          "min": 1384.06,
          "p25": 2621.09,
          "p50": 3293.04,
          "p75": 4478.95,
          "p90": 6943.9,
          "p95": 9815.74,
          "p99": 29045.59,
          "stddev": 8978.6
        }
      },
      "model": "gpt-5.5",
      "number_completed_requests": 1135,
      "number_errored_requests": 184,
      "overall_output_throughput_token_per_s": 36.97,
      "provider": "openai"
    }
  ],
  "dataset": "gsm8k/test",
  "summary": [
    {
      "estimated_openai_cost_usd_total": 8.26133,
      "failed_runs": 184,
      "input_tokens_avg": 119.39,
      "input_tokens_p50": 116,
      "input_tokens_p90": 149,
      "input_tokens_p95": 161,
      "model": "gpt-5.5",
      "output_tokens_avg": 222.73,
      "output_tokens_p50": 167,
      "output_tokens_p90": 326,
      "output_tokens_p95": 511,
      "output_tokens_per_second_avg": 39.67,
      "output_tokens_per_second_p50": 40.14,
      "output_tokens_per_second_p90": 51.4,
      "output_tokens_per_second_p95": 54.27,
      "provider": "openai",
      "reasoning_tokens_avg": 158.84,
      "reasoning_tokens_p50": 103,
      "reasoning_tokens_p90": 254,
      "reasoning_tokens_p95": 419,
      "successful_runs": 1135,
      "total_ms_avg": 6024.01,
      "total_ms_p50": 4330.26,
      "total_ms_p90": 8512.19,
      "total_ms_p95": 12035.88,
      "ttfb_ms_avg": 899.41,
      "ttfb_ms_p50": 496.89,
      "ttfb_ms_p90": 897.31,
      "ttfb_ms_p95": 1408.65,
      "ttft_ms_avg": 4825.15,
      "ttft_ms_p50": 3293.04,
      "ttft_ms_p90": 6943.9,
      "ttft_ms_p95": 9815.74
    }
  ]
}
