{
  "aggregates": [
    {
      "completed_requests_per_minute": 15.03,
      "estimated_openai_cost_usd_mean": 0.005234,
      "estimated_openai_cost_usd_total": 6.898975,
      "metrics": {
        "end_to_end_latency_ms": {
          "count": 1318,
          "max": 127949.81,
          "mean": 3991.66,
          "min": 1504.4,
          "p25": 2662.03,
          "p50": 3248.1,
          "p75": 4064.06,
          "p90": 5712.33,
          "p95": 6971.2,
          "p99": 13305.72,
          "stddev": 5553.43
        },
        "estimated_openai_cost_usd": {
          "count": 1318,
          "max": 0.03,
          "mean": 0.01,
          "min": 0.0,
          "p25": 0.0,
          "p50": 0.0,
          "p75": 0.01,
          "p90": 0.01,
          "p95": 0.01,
          "p99": 0.02,
          "stddev": 0.0
        },
        "number_input_tokens": {
          "count": 1318,
          "max": 245,
          "mean": 119.47,
          "min": 83,
          "p25": 103,
          "p50": 116,
          "p75": 131,
          "p90": 149,
          "p95": 162,
          "p99": 184,
          "stddev": 21.55
        },
        "number_output_tokens": {
          "count": 1318,
          "max": 1136,
          "mean": 154.57,
          "min": 39,
          "p25": 106,
          "p50": 132,
          "p75": 170,
          "p90": 227,
          "p95": 310,
          "p99": 588,
          "stddev": 97.5
        },
        "number_reasoning_tokens": {
          "count": 1318,
          "max": 1034,
          "mean": 90.4,
          "min": 14,
          "p25": 51,
          "p50": 69,
          "p75": 97,
          "p90": 145,
          "p95": 222,
          "p99": 516,
          "stddev": 90.55
        },
        "request_output_throughput_token_per_s": {
          "count": 1318,
          "max": 66.74,
          "mean": 41.33,
          "min": 0.94,
          "p25": 36.24,
          "p50": 42.32,
          "p75": 47.31,
          "p90": 52.35,
          "p95": 55.48,
          "p99": 60.72,
          "stddev": 9.27
        },
        "time_to_first_byte_ms": {
          "count": 1318,
          "max": 124567.52,
          "mean": 779.43,
          "min": 319.0,
          "p25": 411.61,
          "p50": 497.31,
          "p75": 614.82,
          "p90": 822.49,
          "p95": 1114.03,
          "p99": 2986.64,
          "stddev": 4300.01
        },
        "time_to_first_token_ms": {
          "count": 1318,
          "max": 126615.05,
          "mean": 2999.56,
          "min": 1077.01,
          "p25": 1935.67,
          "p50": 2355.96,
          "p75": 3000.33,
          "p90": 4280.41,
          "p95": 5742.08,
          "p99": 11520.55,
          "stddev": 4706.8
        }
      },
      "model": "gpt-5.5",
      "number_completed_requests": 1318,
      "number_errored_requests": 1,
      "overall_output_throughput_token_per_s": 38.72,
      "provider": "openai"
    }
  ],
  "dataset": "gsm8k/test",
  "summary": [
    {
      "estimated_openai_cost_usd_total": 6.898975,
      "failed_runs": 1,
      "input_tokens_avg": 119.47,
      "input_tokens_p50": 116,
      "input_tokens_p90": 149,
      "input_tokens_p95": 162,
      "model": "gpt-5.5",
      "output_tokens_avg": 154.57,
      "output_tokens_p50": 132,
      "output_tokens_p90": 227,
      "output_tokens_p95": 310,
      "output_tokens_per_second_avg": 41.33,
      "output_tokens_per_second_p50": 42.32,
      "output_tokens_per_second_p90": 52.35,
      "output_tokens_per_second_p95": 55.48,
      "provider": "openai",
      "reasoning_tokens_avg": 90.4,
      "reasoning_tokens_p50": 69,
      "reasoning_tokens_p90": 145,
      "reasoning_tokens_p95": 222,
      "successful_runs": 1318,
      "total_ms_avg": 3991.66,
      "total_ms_p50": 3248.1,
      "total_ms_p90": 5712.33,
      "total_ms_p95": 6971.2,
      "ttfb_ms_avg": 779.43,
      "ttfb_ms_p50": 497.31,
      "ttfb_ms_p90": 822.49,
      "ttfb_ms_p95": 1114.03,
      "ttft_ms_avg": 2999.56,
      "ttft_ms_p50": 2355.96,
      "ttft_ms_p90": 4280.41,
      "ttft_ms_p95": 5742.08
    }
  ]
}
