{
  "aggregates": [
    {
      "completed_requests_per_minute": 30.53,
      "estimated_openai_cost_usd_mean": 0.00392,
      "estimated_openai_cost_usd_total": 0.00784,
      "metrics": {
        "end_to_end_latency_ms": {
          "count": 2,
          "max": 4724.87,
          "mean": 4327.45,
          "min": 3930.04,
          "p25": 3930.04,
          "p50": 3930.04,
          "p75": 4724.87,
          "p90": 4724.87,
          "p95": 4724.87,
          "p99": 4724.87,
          "stddev": 562.03
        },
        "estimated_openai_cost_usd": {
          "count": 2,
          "max": 0.0,
          "mean": 0.0,
          "min": 0.0,
          "p25": 0.0,
          "p50": 0.0,
          "p75": 0.0,
          "p90": 0.0,
          "p95": 0.0,
          "p99": 0.0,
          "stddev": 0.0
        },
        "number_input_tokens": {
          "count": 2,
          "max": 34,
          "mean": 34.0,
          "min": 34,
          "p25": 34,
          "p50": 34,
          "p75": 34,
          "p90": 34,
          "p95": 34,
          "p99": 34,
          "stddev": 0.0
        },
        "number_output_tokens": {
          "count": 2,
          "max": 150,
          "mean": 125.0,
          "min": 100,
          "p25": 100,
          "p50": 100,
          "p75": 150,
          "p90": 150,
          "p95": 150,
          "p99": 150,
          "stddev": 35.36
        },
        "number_reasoning_tokens": {
          "count": 2,
          "max": 140,
          "mean": 107.5,
          "min": 75,
          "p25": 75,
          "p50": 75,
          "p75": 140,
          "p90": 140,
          "p95": 140,
          "p99": 140,
          "stddev": 45.96
        },
        "request_output_throughput_token_per_s": {
          "count": 2,
          "max": 31.75,
          "mean": 28.6,
          "min": 25.45,
          "p25": 25.45,
          "p50": 25.45,
          "p75": 31.75,
          "p90": 31.75,
          "p95": 31.75,
          "p99": 31.75,
          "stddev": 4.45
        },
        "time_to_first_byte_ms": {
          "count": 2,
          "max": 1329.82,
          "mean": 1004.27,
          "min": 678.73,
          "p25": 678.73,
          "p50": 678.73,
          "p75": 1329.82,
          "p90": 1329.82,
          "p95": 1329.82,
          "p99": 1329.82,
          "stddev": 460.39
        },
        "time_to_first_token_ms": {
          "count": 2,
          "max": 4636.36,
          "mean": 4126.57,
          "min": 3616.79,
          "p25": 3616.79,
          "p50": 3616.79,
          "p75": 4636.36,
          "p90": 4636.36,
          "p95": 4636.36,
          "p99": 4636.36,
          "stddev": 720.94
        }
      },
      "model": "gpt-5.5",
      "number_completed_requests": 2,
      "number_errored_requests": 0,
      "overall_output_throughput_token_per_s": 28.89,
      "provider": "openai"
    }
  ],
  "dataset": "result/openai-gsm8k-gpt55-xhigh-error-fixed/xhigh_early_failures_retry_dataset.jsonl",
  "summary": [
    {
      "estimated_openai_cost_usd_total": 0.00784,
      "failed_runs": 0,
      "input_tokens_avg": 34.0,
      "input_tokens_p50": 34,
      "input_tokens_p90": 34,
      "input_tokens_p95": 34,
      "model": "gpt-5.5",
      "output_tokens_avg": 125.0,
      "output_tokens_p50": 100,
      "output_tokens_p90": 150,
      "output_tokens_p95": 150,
      "output_tokens_per_second_avg": 28.6,
      "output_tokens_per_second_p50": 25.45,
      "output_tokens_per_second_p90": 31.75,
      "output_tokens_per_second_p95": 31.75,
      "provider": "openai",
      "reasoning_tokens_avg": 107.5,
      "reasoning_tokens_p50": 75,
      "reasoning_tokens_p90": 140,
      "reasoning_tokens_p95": 140,
      "successful_runs": 2,
      "total_ms_avg": 4327.45,
      "total_ms_p50": 3930.04,
      "total_ms_p90": 4724.87,
      "total_ms_p95": 4724.87,
      "ttfb_ms_avg": 1004.27,
      "ttfb_ms_p50": 678.73,
      "ttfb_ms_p90": 1329.82,
      "ttfb_ms_p95": 1329.82,
      "ttft_ms_avg": 4126.57,
      "ttft_ms_p50": 3616.79,
      "ttft_ms_p90": 4636.36,
      "ttft_ms_p95": 4636.36
    }
  ]
}
