{
  "aggregates": [
    {
      "completed_requests_per_minute": 17.16,
      "estimated_openai_cost_usd_mean": 0.005369,
      "estimated_openai_cost_usd_total": 7.08163,
      "metrics": {
        "end_to_end_latency_ms": {
          "count": 1319,
          "max": 44749.45,
          "mean": 3496.78,
          "min": 1043.4,
          "p25": 2061.12,
          "p50": 3455.46,
          "p75": 4059.4,
          "p90": 4800.74,
          "p95": 5987.4,
          "p99": 11499.08,
          "stddev": 2538.54
        },
        "estimated_openai_cost_usd": {
          "count": 1319,
          "max": 0.06,
          "mean": 0.01,
          "min": 0.0,
          "p25": 0.0,
          "p50": 0.0,
          "p75": 0.01,
          "p90": 0.01,
          "p95": 0.01,
          "p99": 0.02,
          "stddev": 0.0
        },
        "number_input_tokens": {
          "count": 1319,
          "max": 245,
          "mean": 119.46,
          "min": 83,
          "p25": 103,
          "p50": 116,
          "p75": 131,
          "p90": 149,
          "p95": 162,
          "p99": 184,
          "stddev": 21.55
        },
        "number_output_tokens": {
          "count": 1319,
          "max": 2048,
          "mean": 159.05,
          "min": 46,
          "p25": 107,
          "p50": 134,
          "p75": 171,
          "p90": 226,
          "p95": 303,
          "p99": 597,
          "stddev": 126.39
        },
        "number_reasoning_tokens": {
          "count": 1319,
          "max": 2048,
          "mean": 94.49,
          "min": 14,
          "p25": 51,
          "p50": 70,
          "p75": 99,
          "p90": 143,
          "p95": 214,
          "p99": 516,
          "stddev": 121.69
        },
        "request_output_throughput_token_per_s": {
          "count": 1319,
          "max": 103.84,
          "mean": 48.49,
          "min": 12.7,
          "p25": 34.73,
          "p50": 45.13,
          "p75": 61.5,
          "p90": 72.75,
          "p95": 79.38,
          "p99": 88.93,
          "stddev": 16.81
        },
        "time_to_first_byte_ms": {
          "count": 1319,
          "max": 1597.7,
          "mean": 239.74,
          "min": 173.75,
          "p25": 206.86,
          "p50": 223.99,
          "p75": 248.01,
          "p90": 299.1,
          "p95": 337.61,
          "p99": 423.67,
          "stddev": 71.57
        },
        "time_to_first_token_ms": {
          "count": 1318,
          "max": 30676.0,
          "mean": 2902.14,
          "min": 746.38,
          "p25": 1591.29,
          "p50": 2662.03,
          "p75": 3559.61,
          "p90": 4161.29,
          "p95": 5157.15,
          "p99": 10614.51,
          "stddev": 2187.4
        }
      },
      "model": "openai.gpt-5.5",
      "number_completed_requests": 1319,
      "number_errored_requests": 0,
      "overall_output_throughput_token_per_s": 45.49,
      "provider": "bedrock"
    }
  ],
  "dataset": "gsm8k/test",
  "summary": [
    {
      "estimated_openai_cost_usd_total": 7.08163,
      "failed_runs": 0,
      "input_tokens_avg": 119.46,
      "input_tokens_p50": 116,
      "input_tokens_p90": 149,
      "input_tokens_p95": 162,
      "model": "openai.gpt-5.5",
      "output_tokens_avg": 159.05,
      "output_tokens_p50": 134,
      "output_tokens_p90": 226,
      "output_tokens_p95": 303,
      "output_tokens_per_second_avg": 48.49,
      "output_tokens_per_second_p50": 45.13,
      "output_tokens_per_second_p90": 72.75,
      "output_tokens_per_second_p95": 79.38,
      "provider": "bedrock",
      "reasoning_tokens_avg": 94.49,
      "reasoning_tokens_p50": 70,
      "reasoning_tokens_p90": 143,
      "reasoning_tokens_p95": 214,
      "successful_runs": 1319,
      "total_ms_avg": 3496.78,
      "total_ms_p50": 3455.46,
      "total_ms_p90": 4800.74,
      "total_ms_p95": 5987.4,
      "ttfb_ms_avg": 239.74,
      "ttfb_ms_p50": 223.99,
      "ttfb_ms_p90": 299.1,
      "ttfb_ms_p95": 337.61,
      "ttft_ms_avg": 2902.14,
      "ttft_ms_p50": 2662.03,
      "ttft_ms_p90": 4161.29,
      "ttft_ms_p95": 5157.15
    }
  ]
}
