{
  "aggregates": [
    {
      "completed_requests_per_minute": 13.8,
      "estimated_openai_cost_usd_mean": 0.007034,
      "estimated_openai_cost_usd_total": 9.27754,
      "metrics": {
        "end_to_end_latency_ms": {
          "count": 1319,
          "max": 83940.88,
          "mean": 4347.55,
          "min": 1075.82,
          "p25": 2545.93,
          "p50": 3803.45,
          "p75": 4487.2,
          "p90": 5791.94,
          "p95": 9150.53,
          "p99": 21071.16,
          "stddev": 4991.26
        },
        "estimated_openai_cost_usd": {
          "count": 1319,
          "max": 0.12,
          "mean": 0.01,
          "min": 0.0,
          "p25": 0.0,
          "p50": 0.01,
          "p75": 0.01,
          "p90": 0.01,
          "p95": 0.01,
          "p99": 0.03,
          "stddev": 0.01
        },
        "number_input_tokens": {
          "count": 1319,
          "max": 245,
          "mean": 119.46,
          "min": 83,
          "p25": 103,
          "p50": 116,
          "p75": 131,
          "p90": 149,
          "p95": 162,
          "p99": 184,
          "stddev": 21.55
        },
        "number_output_tokens": {
          "count": 1319,
          "max": 4096,
          "mean": 214.55,
          "min": 65,
          "p25": 131,
          "p50": 164,
          "p75": 213,
          "p90": 297,
          "p95": 447,
          "p99": 1104,
          "stddev": 257.24
        },
        "number_reasoning_tokens": {
          "count": 1319,
          "max": 4096,
          "mean": 150.07,
          "min": 23,
          "p25": 75,
          "p50": 99,
          "p75": 139,
          "p90": 221,
          "p95": 362,
          "p99": 1034,
          "stddev": 256.35
        },
        "request_output_throughput_token_per_s": {
          "count": 1319,
          "max": 108.35,
          "mean": 51.76,
          "min": 18.47,
          "p25": 39.29,
          "p50": 48.61,
          "p75": 63.16,
          "p90": 75.64,
          "p95": 81.59,
          "p99": 90.53,
          "stddev": 16.09
        },
        "time_to_first_byte_ms": {
          "count": 1319,
          "max": 1046.19,
          "mean": 238.92,
          "min": 176.23,
          "p25": 205.19,
          "p50": 222.95,
          "p75": 248.31,
          "p90": 300.23,
          "p95": 349.92,
          "p99": 466.58,
          "stddev": 65.22
        },
        "time_to_first_token_ms": {
          "count": 1316,
          "max": 42706.82,
          "mean": 3569.08,
          "min": 945.14,
          "p25": 1916.34,
          "p50": 3249.58,
          "p75": 3981.54,
          "p90": 4949.48,
          "p95": 7472.88,
          "p99": 18210.75,
          "stddev": 3272.99
        }
      },
      "model": "openai.gpt-5.5",
      "number_completed_requests": 1319,
      "number_errored_requests": 0,
      "overall_output_throughput_token_per_s": 49.35,
      "provider": "bedrock"
    }
  ],
  "dataset": "gsm8k/test",
  "summary": [
    {
      "estimated_openai_cost_usd_total": 9.27754,
      "failed_runs": 0,
      "input_tokens_avg": 119.46,
      "input_tokens_p50": 116,
      "input_tokens_p90": 149,
      "input_tokens_p95": 162,
      "model": "openai.gpt-5.5",
      "output_tokens_avg": 214.55,
      "output_tokens_p50": 164,
      "output_tokens_p90": 297,
      "output_tokens_p95": 447,
      "output_tokens_per_second_avg": 51.76,
      "output_tokens_per_second_p50": 48.61,
      "output_tokens_per_second_p90": 75.64,
      "output_tokens_per_second_p95": 81.59,
      "provider": "bedrock",
      "reasoning_tokens_avg": 150.07,
      "reasoning_tokens_p50": 99,
      "reasoning_tokens_p90": 221,
      "reasoning_tokens_p95": 362,
      "successful_runs": 1319,
      "total_ms_avg": 4347.55,
      "total_ms_p50": 3803.45,
      "total_ms_p90": 5791.94,
      "total_ms_p95": 9150.53,
      "ttfb_ms_avg": 238.92,
      "ttfb_ms_p50": 222.95,
      "ttfb_ms_p90": 300.23,
      "ttfb_ms_p95": 349.92,
      "ttft_ms_avg": 3569.08,
      "ttft_ms_p50": 3249.58,
      "ttft_ms_p90": 4949.48,
      "ttft_ms_p95": 7472.88
    }
  ]
}
