{
  "aggregates": [
    {
      "completed_requests_per_minute": 35.53,
      "estimated_openai_cost_usd_mean": 0.006248,
      "estimated_openai_cost_usd_total": 0.012495,
      "metrics": {
        "end_to_end_latency_ms": {
          "count": 2,
          "max": 5143.39,
          "mean": 4260.09,
          "min": 3376.78,
          "p25": 3376.78,
          "p50": 3376.78,
          "p75": 5143.39,
          "p90": 5143.39,
          "p95": 5143.39,
          "p99": 5143.39,
          "stddev": 1249.18
        },
        "estimated_openai_cost_usd": {
          "count": 2,
          "max": 0.01,
          "mean": 0.01,
          "min": 0.0,
          "p25": 0.0,
          "p50": 0.0,
          "p75": 0.01,
          "p90": 0.01,
          "p95": 0.01,
          "p99": 0.01,
          "stddev": 0.0
        },
        "number_input_tokens": {
          "count": 2,
          "max": 150,
          "mean": 121.5,
          "min": 93,
          "p25": 93,
          "p50": 93,
          "p75": 150,
          "p90": 150,
          "p95": 150,
          "p99": 150,
          "stddev": 40.31
        },
        "number_output_tokens": {
          "count": 2,
          "max": 244,
          "mean": 188.0,
          "min": 132,
          "p25": 132,
          "p50": 132,
          "p75": 244,
          "p90": 244,
          "p95": 244,
          "p99": 244,
          "stddev": 79.2
        },
        "number_reasoning_tokens": {
          "count": 2,
          "max": 139,
          "mean": 112.5,
          "min": 86,
          "p25": 86,
          "p50": 86,
          "p75": 139,
          "p90": 139,
          "p95": 139,
          "p99": 139,
          "stddev": 37.48
        },
        "request_output_throughput_token_per_s": {
          "count": 2,
          "max": 47.44,
          "mean": 43.27,
          "min": 39.09,
          "p25": 39.09,
          "p50": 39.09,
          "p75": 47.44,
          "p90": 47.44,
          "p95": 47.44,
          "p99": 47.44,
          "stddev": 5.9
        },
        "time_to_first_byte_ms": {
          "count": 2,
          "max": 782.73,
          "mean": 724.56,
          "min": 666.38,
          "p25": 666.38,
          "p50": 666.38,
          "p75": 782.73,
          "p90": 782.73,
          "p95": 782.73,
          "p99": 782.73,
          "stddev": 82.27
        },
        "time_to_first_token_ms": {
          "count": 2,
          "max": 3787.16,
          "mean": 3367.85,
          "min": 2948.54,
          "p25": 2948.54,
          "p50": 2948.54,
          "p75": 3787.16,
          "p90": 3787.16,
          "p95": 3787.16,
          "p99": 3787.16,
          "stddev": 592.99
        }
      },
      "model": "gpt-5.5",
      "number_completed_requests": 2,
      "number_errored_requests": 0,
      "overall_output_throughput_token_per_s": 44.13,
      "provider": "openai"
    }
  ],
  "dataset": "result/openai-gsm8k-gpt55-xhigh-error-fixed/xhigh_early_failures_retry_dataset_corrected.jsonl",
  "summary": [
    {
      "estimated_openai_cost_usd_total": 0.012495,
      "failed_runs": 0,
      "input_tokens_avg": 121.5,
      "input_tokens_p50": 93,
      "input_tokens_p90": 150,
      "input_tokens_p95": 150,
      "model": "gpt-5.5",
      "output_tokens_avg": 188.0,
      "output_tokens_p50": 132,
      "output_tokens_p90": 244,
      "output_tokens_p95": 244,
      "output_tokens_per_second_avg": 43.27,
      "output_tokens_per_second_p50": 39.09,
      "output_tokens_per_second_p90": 47.44,
      "output_tokens_per_second_p95": 47.44,
      "provider": "openai",
      "reasoning_tokens_avg": 112.5,
      "reasoning_tokens_p50": 86,
      "reasoning_tokens_p90": 139,
      "reasoning_tokens_p95": 139,
      "successful_runs": 2,
      "total_ms_avg": 4260.09,
      "total_ms_p50": 3376.78,
      "total_ms_p90": 5143.39,
      "total_ms_p95": 5143.39,
      "ttfb_ms_avg": 724.56,
      "ttfb_ms_p50": 666.38,
      "ttfb_ms_p90": 782.73,
      "ttfb_ms_p95": 782.73,
      "ttft_ms_avg": 3367.85,
      "ttft_ms_p50": 2948.54,
      "ttft_ms_p90": 3787.16,
      "ttft_ms_p95": 3787.16
    }
  ]
}
