{
  "aggregates": [
    {
      "completed_requests_per_minute": null,
      "estimated_openai_cost_usd_mean": 0.00353,
      "estimated_openai_cost_usd_total": 0.00353,
      "metrics": {
        "end_to_end_latency_ms": {
          "count": 1,
          "max": 4618.88,
          "mean": 4618.88,
          "min": 4618.88,
          "p25": 4618.88,
          "p50": 4618.88,
          "p75": 4618.88,
          "p90": 4618.88,
          "p95": 4618.88,
          "p99": 4618.88,
          "stddev": null
        },
        "estimated_openai_cost_usd": {
          "count": 1,
          "max": 0.0,
          "mean": 0.0,
          "min": 0.0,
          "p25": 0.0,
          "p50": 0.0,
          "p75": 0.0,
          "p90": 0.0,
          "p95": 0.0,
          "p99": 0.0,
          "stddev": null
        },
        "number_input_tokens": {
          "count": 1,
          "max": 124,
          "mean": 124.0,
          "min": 124,
          "p25": 124,
          "p50": 124,
          "p75": 124,
          "p90": 124,
          "p95": 124,
          "p99": 124,
          "stddev": null
        },
        "number_output_tokens": {
          "count": 1,
          "max": 97,
          "mean": 97.0,
          "min": 97,
          "p25": 97,
          "p50": 97,
          "p75": 97,
          "p90": 97,
          "p95": 97,
          "p99": 97,
          "stddev": null
        },
        "number_reasoning_tokens": {
          "count": 1,
          "max": 39,
          "mean": 39.0,
          "min": 39,
          "p25": 39,
          "p50": 39,
          "p75": 39,
          "p90": 39,
          "p95": 39,
          "p99": 39,
          "stddev": null
        },
        "request_output_throughput_token_per_s": {
          "count": 1,
          "max": 21.0,
          "mean": 21.0,
          "min": 21.0,
          "p25": 21.0,
          "p50": 21.0,
          "p75": 21.0,
          "p90": 21.0,
          "p95": 21.0,
          "p99": 21.0,
          "stddev": null
        },
        "time_to_first_byte_ms": {
          "count": 1,
          "max": 1498.61,
          "mean": 1498.61,
          "min": 1498.61,
          "p25": 1498.61,
          "p50": 1498.61,
          "p75": 1498.61,
          "p90": 1498.61,
          "p95": 1498.61,
          "p99": 1498.61,
          "stddev": null
        },
        "time_to_first_token_ms": {
          "count": 1,
          "max": 3147.77,
          "mean": 3147.77,
          "min": 3147.77,
          "p25": 3147.77,
          "p50": 3147.77,
          "p75": 3147.77,
          "p90": 3147.77,
          "p95": 3147.77,
          "p99": 3147.77,
          "stddev": null
        }
      },
      "model": "gpt-5.5",
      "number_completed_requests": 1,
      "number_errored_requests": 0,
      "overall_output_throughput_token_per_s": 21.0,
      "provider": "openai"
    }
  ],
  "dataset": "gsm8k/test",
  "summary": [
    {
      "estimated_openai_cost_usd_total": 0.00353,
      "failed_runs": 0,
      "input_tokens_avg": 124.0,
      "input_tokens_p50": 124,
      "input_tokens_p90": 124,
      "input_tokens_p95": 124,
      "model": "gpt-5.5",
      "output_tokens_avg": 97.0,
      "output_tokens_p50": 97,
      "output_tokens_p90": 97,
      "output_tokens_p95": 97,
      "output_tokens_per_second_avg": 21.0,
      "output_tokens_per_second_p50": 21.0,
      "output_tokens_per_second_p90": 21.0,
      "output_tokens_per_second_p95": 21.0,
      "provider": "openai",
      "reasoning_tokens_avg": 39.0,
      "reasoning_tokens_p50": 39,
      "reasoning_tokens_p90": 39,
      "reasoning_tokens_p95": 39,
      "successful_runs": 1,
      "total_ms_avg": 4618.88,
      "total_ms_p50": 4618.88,
      "total_ms_p90": 4618.88,
      "total_ms_p95": 4618.88,
      "ttfb_ms_avg": 1498.61,
      "ttfb_ms_p50": 1498.61,
      "ttfb_ms_p90": 1498.61,
      "ttfb_ms_p95": 1498.61,
      "ttft_ms_avg": 3147.77,
      "ttft_ms_p50": 3147.77,
      "ttft_ms_p90": 3147.77,
      "ttft_ms_p95": 3147.77
    }
  ]
}
