{
  "aggregates": [
    {
      "completed_requests_per_minute": 7.95,
      "estimated_openai_cost_usd_mean": 0.007233,
      "estimated_openai_cost_usd_total": 9.540925,
      "metrics": {
        "end_to_end_latency_ms": {
          "count": 1319,
          "max": 190562.75,
          "mean": 5933.27,
          "min": 1907.5,
          "p25": 3481.07,
          "p50": 4333.66,
          "p75": 5858.47,
          "p90": 8273.25,
          "p95": 11446.55,
          "p99": 30210.01,
          "stddev": 9049.67
        },
        "estimated_openai_cost_usd": {
          "count": 1319,
          "max": 0.12,
          "mean": 0.01,
          "min": 0.0,
          "p25": 0.0,
          "p50": 0.01,
          "p75": 0.01,
          "p90": 0.01,
          "p95": 0.01,
          "p99": 0.03,
          "stddev": 0.01
        },
        "number_input_tokens": {
          "count": 1319,
          "max": 356,
          "mean": 119.64,
          "min": 83,
          "p25": 103,
          "p50": 116,
          "p75": 131,
          "p90": 149,
          "p95": 162,
          "p99": 184,
          "stddev": 22.51
        },
        "number_output_tokens": {
          "count": 1319,
          "max": 4096,
          "mean": 221.18,
          "min": 68,
          "p25": 132,
          "p50": 168,
          "p75": 223,
          "p90": 325,
          "p95": 472,
          "p99": 1108,
          "stddev": 262.07
        },
        "number_reasoning_tokens": {
          "count": 1319,
          "max": 4096,
          "mean": 156.89,
          "min": 27,
          "p25": 77,
          "p50": 103,
          "p75": 148,
          "p90": 249,
          "p95": 386,
          "p99": 1034,
          "stddev": 259.13
        },
        "request_output_throughput_token_per_s": {
          "count": 1319,
          "max": 66.71,
          "mean": 39.72,
          "min": 0.73,
          "p25": 34.19,
          "p50": 40.19,
          "p75": 46.27,
          "p90": 51.66,
          "p95": 54.21,
          "p99": 59.92,
          "stddev": 9.51
        },
        "time_to_first_byte_ms": {
          "count": 1319,
          "max": 149901.29,
          "mean": 856.15,
          "min": 329.73,
          "p25": 416.3,
          "p50": 502.32,
          "p75": 657.92,
          "p90": 897.31,
          "p95": 1288.96,
          "p99": 3677.28,
          "stddev": 4900.46
        },
        "time_to_first_token_ms": {
          "count": 1318,
          "max": 190512.03,
          "mean": 4703.12,
          "min": 1384.06,
          "p25": 2613.3,
          "p50": 3279.85,
          "p75": 4463.21,
          "p90": 6755.97,
          "p95": 9336.03,
          "p99": 28083.34,
          "stddev": 8449.31
        }
      },
      "model": "gpt-5.5",
      "number_completed_requests": 1319,
      "number_errored_requests": 0,
      "overall_output_throughput_token_per_s": 37.28,
      "provider": "openai"
    }
  ],
  "dataset": "gsm8k test; original xhigh with failed requests retried",
  "summary": [
    {
      "estimated_openai_cost_usd_total": 9.540925,
      "failed_runs": 0,
      "input_tokens_avg": 119.64,
      "input_tokens_p50": 116,
      "input_tokens_p90": 149,
      "input_tokens_p95": 162,
      "model": "gpt-5.5",
      "output_tokens_avg": 221.18,
      "output_tokens_p50": 168,
      "output_tokens_p90": 325,
      "output_tokens_p95": 472,
      "output_tokens_per_second_avg": 39.72,
      "output_tokens_per_second_p50": 40.19,
      "output_tokens_per_second_p90": 51.66,
      "output_tokens_per_second_p95": 54.21,
      "provider": "openai",
      "reasoning_tokens_avg": 156.89,
      "reasoning_tokens_p50": 103,
      "reasoning_tokens_p90": 249,
      "reasoning_tokens_p95": 386,
      "successful_runs": 1319,
      "total_ms_avg": 5933.27,
      "total_ms_p50": 4333.66,
      "total_ms_p90": 8273.25,
      "total_ms_p95": 11446.55,
      "ttfb_ms_avg": 856.15,
      "ttfb_ms_p50": 502.32,
      "ttfb_ms_p90": 897.31,
      "ttfb_ms_p95": 1288.96,
      "ttft_ms_avg": 4703.12,
      "ttft_ms_p50": 3279.85,
      "ttft_ms_p90": 6755.97,
      "ttft_ms_p95": 9336.03
    }
  ]
}
